component,Unit price,Quantity,Total (BDT),Total (USD)
Raspberry pi,4375tk,1,4375tk,50.99$
EMG Sensor,4995tk,1,4995tk,58.22$
Gyroscope Sensor,1690tk,2,3380tk,39.39$
Hall-Effect Sensor,115tk,2,230tk,2.68$
Pressure sensor,160tk,1,160tk,1.9$
High Torque Servo motor (400kgcm),6000tk,1,6000tk,69$
High Torque Servo motor (150kgcm),4500tk,1,4500tk,52.45$
Socket adapter,891tk,1,891tk,10.38$
Tube Pylon,891tk,1,891tk,10.38$
Rubber shock absorber,168tk,1,168tk,2$
Lipo Battery,4900tk,1,4900tk,57.11$
Subtotal,35042tk,,36847tk,429.44$
Miscellaneous Cost,,,500TK,5.95$
Total Budget,,,37347TK,435.39$
